{
    "name": "Calendar_FullDetails",
    "description": "Calendar_FullDetails description",
    "tags": ["full"],
    "type": ["calendar"],
    "data": {
        "calendar": [
            {
              "date": "1939-09-02",
              "value": 1,
              "category": "1"
            },
            {
              "date": "1939-09-07",
              "value": 1,
              "category": "2"
            },
            {
              "date": "1939-09-17",
              "value": 1,
              "category": "3"
            },
            {
              "date": "1939-10-06",
              "value": 1,
              "category": "1"
            },
            {
              "date": "1939-10-07",
              "value": 1,
              "category": "1"
            },
            {
              "date": "1939-10-14",
              "value": 1,
              "category": "5"
            },
            {
              "date": "1939-10-17",
              "value": 1,
              "category": "1"
            },
            {
              "date": "1939-10-22",
              "value": 1,
              "category": "6"
            },
            {
              "date": "1939-10-28",
              "value": 1,
              "category": "1"
            },
            {
              "date": "1939-11-04",
              "value": 1,
              "category": "7"
            },
            {
              "date": "1939-11-28",
              "value": 1,
              "category": "3"
            },
            {
              "date": "1939-12-05",
              "value": 1,
              "category": "3"
            },
            {
              "date": "1939-12-11",
              "value": 1,
              "category": "2"
            },
            {
              "date": "1939-12-16",
              "value": 1,
              "category": "2"
            },
            {
              "date": "1939-12-23",
              "value": 1,
              "category": "1"
            }
          ]
     
    }
  }
  