{
    "name": "Scatter_FullDetails",
    "description": "Scatter_FullDetails description",
    "tags": ["full"],
    "type": ["scatter"],
    "data": {
        "points": [
            {"value":[3.275154, 2.957587], "category":"3"},
            {"value":[-3.344465, 2.603513], "category":"2"},
            {"value":[0.355083, -3.376585], "category":"2"},
            {"value": [1.852435, 3.547351], "category":"1"},
            {"value":[-2.078973, 2.552013], "category":"1"}
          
        ]
    }
  }
  