{
    "name": "Wordcloud_FullDetails",
    "description": "Wordcloud_FullDetails description",
    "tags": ["full"],
    "type": ["word-cloud"],
    "data": {
      "words": [
        {
            "name": "Word1",
            "value": 390
          },
          {
            "name": "Word2",
            "value": 275
          },
          {
            "name": "Word3",
            "value": 100
          },
          {
            "name": "Word4",
            "value": 1000
          },
          {
            "name": "Word5",
            "value": 600
          },
          {
            "name": "Word6",
            "value": 146
          },
          {
            "name": "Word7",
            "value": 712
          }
      ]
     
    }
  }
  