<?xml version="1.0" encoding="UTF-8" ?>
<root>
    <calendar>
      <date>1939-09-02</date>
      <value>1</value>
      <category>1</category>
    </calendar>
    <calendar>
      <date>1939-09-07</date>
      <value>1</value>
      <category>2</category>
    </calendar>
    <calendar>
      <date>1939-09-17</date>
      <value>1</value>
      <category>3</category>
    </calendar>
    <calendar>
      <date>1939-10-06</date>
      <value>1</value>
      <category>1</category>
    </calendar>
    <calendar>
      <date>1939-10-07</date>
      <value>1</value>
      <category>1</category>
    </calendar>
    <calendar>
      <date>1939-10-14</date>
      <value>1</value>
      <category>5</category>
    </calendar>
    <calendar>
      <date>1939-10-17</date>
      <value>1</value>
      <category>1</category>
    </calendar>
    <calendar>
      <date>1939-10-22</date>
      <value>1</value>
      <category>6</category>
    </calendar>
    <calendar>
      <date>1939-10-28</date>
      <value>1</value>
      <category>1</category>
    </calendar>
    <calendar>
      <date>1939-11-04</date>
      <value>1</value>
      <category>7</category>
    </calendar>
    <calendar>
      <date>1939-11-28</date>
      <value>1</value>
      <category>3</category>
    </calendar>
    <calendar>
      <date>1939-12-05</date>
      <value>1</value>
      <category>3</category>
    </calendar>
    <calendar>
      <date>1939-12-11</date>
      <value>1</value>
      <category>2</category>
    </calendar>
    <calendar>
      <date>1939-12-16</date>
      <value>1</value>
      <category>2</category>
    </calendar>
    <calendar>
      <date>1939-12-23</date>
      <value>1</value>
      <category>1</category>
    </calendar>
</root>