<?xml version="1.0" encoding="UTF-8" ?>
<root>
    <nodes>
      <category>1</category>
      <name>Node1</name>
    </nodes>
    <nodes>
      <category>2</category>
      <name>Node2</name>
    </nodes>
    <nodes>
      <category>3</category>
      <name>Node3</name>
    </nodes>
    <links>
      <source>Node1</source>
      <target>Node2</target>
      <value>1</value>
    </links>
    <links>
      <source>Node2</source>
      <target>Node3</target>
      <value>1</value>
    </links>
    <links>
      <source>Node3</source>
      <target>Node2</target>
      <value>1</value>
    </links>
</root>