<?xml version="1.0" encoding="UTF-8" ?>
<root>
    <nodes>
      <category>1</category>
      <name>Node1</name>
      <labels>
        <name>Label1</name>
        <value>1</value>
        <properties>
          <style>
            <font-weight>bold</font-weight>
            <background-color>#541690</background-color>
            <background-color1>541690</background-color1>
          </style>
        </properties>
      </labels>
      <labels>
        <name>Label2</name>
        <value>0</value>
        <properties>
          <style>
            <font-weight>bold</font-weight>
            <background-color>#541690</background-color>
            <background-color1>541690</background-color1>
          </style>
        </properties>
      </labels>
    </nodes>
    <nodes>
      <category>2</category>
      <name>Node2</name>
      <labels>
        <name>Label3</name>
        <value>1</value>
        <properties>
          <style>
            <font-weight>bold</font-weight>
            <background-color>#541690</background-color>
            <background-color1>541690</background-color1>
          </style>
        </properties>
      </labels>
      <labels>
        <name>Label4</name>
        <value>0</value>
        <properties>
          <style>
            <font-weight>bold</font-weight>
            <background-color>#541690</background-color>
            <background-color1>541690</background-color1>
          </style>
        </properties>
      </labels>
    </nodes>
    <links>
      <source>Node1</source>
      <target>Node2</target>
      <value>1</value>
      <properties>
        <style>
          <font-weight>bold</font-weight>
          <background-color>#541690</background-color>
          <background-color1>541690</background-color1>
        </style>
        <a>b</a>
      </properties>
    </links>
    <links>
      <source>Node2</source>
      <target>Node1</target>
      <value>1</value>
      <properties>
        <style>
          <font-weight>bold</font-weight>
          <background-color>#541690</background-color>
          <background-color1>541690</background-color1>
        </style>
        <a>b</a>
      </properties>
    </links>
</root>